[
    {
        "name":"基础认证（必填）",
        "font":"icon iconfont icon-linkedin1",
        "children":[
            {
                "cname":"实名认证",
                "icon":"icon iconfont icon-gerenxinxi",
                "url":"/recovery"
            },
            {
                "cname":"人脸识别",
                "icon":"icon iconfont icon-gerenxinxi",
                "url":"/recovery"
            },
            {
                "cname":"基本信息",
                "icon":"icon iconfont icon-gerenxinxi",
                "url":"/recovery"
            },
            {
                "cname":"紧急联系人",
                "icon":"icon iconfont icon-gerenxinxi",
                "url":"/recovery"
            },
            {
                "cname":"运营商认证",
                "icon":"icon iconfont icon-gerenxinxi",
                "url":"/invitation"
            },
            {
                "cname":"绑定银行卡",
                "icon":"icon iconfont icon-gerenxinxi",
                "url":"/bankcard"
            }
        ]
    },
    {
        "name":"提额认证（认证越多额度越高）",
        "font":"icon iconfont icon-linkedin1",
        "children":[
            {
                "cname":"补充资料",
                "icon":"icon iconfont icon-wode",
                "url":"/recovery"
            },
            {
                "cname":"芝麻信用",
                "icon":"icon iconfont icon-wode",
                "url":"/recovery"
            },
            {
                "cname":"电商认证",
                "icon":"icon iconfont icon-wode",
                "url":"/recovery"
            },
            {
                "cname":"信用卡认证",
                "icon":"icon iconfont icon-wode",
                "url":"/recovery"
            },
            {
                "cname":"社保、公积金认证",
                "icon":"icon iconfont icon-wode",
                "url":"/recovery"
            },
            {
                "cname":"学信网认证",
                "icon":"icon iconfont icon-wode",
                "url":"/recovery"
            },
            {
                "cname":"工资卡流水认证",
                "icon":"icon iconfont icon-wode",
                "url":"/recovery"
            }
        ]
    }
]