[
    {
        "question":"逾期费用如何计算",
        "answer":"逾期日费用=以退款金额*3%",
        "anr":10000
    },
    {
        "question":"系统审核吋间",
        "answer":"工作时间2个小时左右，非工作时间当天审核"
    },
    {
        "question":"申请回购条件",
        "answer":"年满18周岁，具有完全民事能力即可申请"
    },
    {
        "question":"如何申请回购",
        "answer":"点击'评估领款'，提交认证等待审核，审核通过，即可1秒到账"
    },
    {
        "question":"申请回购需要提交什么资料",
        "answer":"根据系统提示进行操作即可，必备证件：身份证、 银行卡"
    },
    {
        "question":"定金到账时间",
        "answer":"2小时内，实际以银行到账时间为准"
    },
    {
        "question":"什么是手机服务密码",
        "answer":"手机服务密码是您的手机号码在运营商获取服务时设置的认证密码，比如查询通话详单就需要提供手机服务密码"
    },
    {
        "question":"如何查询手机服务密码",
        "answer":"拨打运营商客服电话，联系人工服务，查询或修改密码。移动客服电话：10086 ;联通客服电话：10010 ;电信客服电话：10000"
    },
    {
        "question":"怎样正确进行身份认证？",
        "answer":"身份认证是财务流程的需要，证明您知晓并确认本次借款。上传身份证件和持证自拍_定要照片清晰，确保身份证号码、人脸清晰可见"
    },
    {
        "question":"我的个人资料是否会泄露",
        "answer":"我们不会未经授权透露您的个人资料给第三方（逾期及提供服务除外）",
        "anr":"我们不会未经授权透露您的个人资料给第三方（逾期及提供服务除外）"
    },
    {
        "question":"支持哪些锒行的银行卡",
        "answer":"目前支持中国银行、建设银行、交通锒行、工商银 行、邮政储蓄、光大银行、浦发银行、华夏银行、兴业 银行、广发银行、平安锒行、招商银行、中信银行、杭 州银行、北京银行、浙商银行、上海银行、广州银行、 民生锒行、宁波银行、江苏银行、恒丰银行、东莞锒行 等24家借记卡"
    },
    {
        "question":"为什么我的银行卡绑定不成功",
        "answer":"①只能绑定储蓄卡，不能使用信用卡②请选择支持 的银行卡名称③绑定的储蓄卡账户名必须是您本人的名字"
    },
    {
        "question":"为什么我的订单没有通过？能否再次申请",
        "answer":"提交订单后会通过智能系统审批，会综合考量您的资质、信用体系的评分等条件，未通过可能您暂时不符合条件。"
    }
]