[
    {
        "logo":"icon iconfont icon-default-avatar",
        "name":"王小明",
        "tel":"180****3695",
        "type":"邀请注册",
        "time":"2017-05-01 15:00",
        "icon":"icon iconfont icon-weixin2",
        "tit":"微信好友",
        "add":"• 参与者资格：所有**金服注册用户均可参与。活动期间每位用户分享邀请码均可获得总值120元的优惠券(有效期7天)，每日分享次数不设上限。"
    },
    {
        "logo":"icon iconfont icon-default-avatar",
        "name":"王小明",
        "tel":"180****3695",
        "type":"邀请注册",
        "time":"2017-05-01 15:00",
        "icon":"icon iconfont icon-pengyouquan",
        "tit":"微信朋友圈",
        "add":"• 新用户领取优惠券并完成注册后，视作邀请新用户成功，新用户会获得总值为180元的优惠券，有效期为系统显示为准，同时邀请人获得60元优惠券；邀请的新用户完成首单后，邀请人可再获得60元优惠券(有效期7天)。"
    },
    {
        "logo":"icon iconfont icon-default-avatar",
        "name":"王小明",
        "tel":"180****3695",
        "type":"邀请注册",
        "time":"2017-05-01 15:00",
        "icon":"icon iconfont icon-Qzone",
        "tit":"QQ空间",
        "add":"• 为了杜绝刷单等妨碍正常用户的恶意行为，系统会在下单后进行核查，同一手机号、支付宝、**金服帐号、设备号、订单收件人均视为同一用户。对于恶意刷单的用户，取消购买资格。"
    },
    {
        "logo":"icon iconfont icon-default-avatar",
        "name":"王小明",
        "tel":"180****3695",
        "type":"邀请注册",
        "time":"2017-05-01 15:00",
        "icon":"icon iconfont icon-xinlangweibo",
        "tit":"新浪微博",
        "add":"• 有任何疑问请在app内，咨询**金服在线客服。"
    },
    {
        "logo":"icon iconfont icon-default-avatar",
        "name":"王小明",
        "tel":"180****3695",
        "type":"邀请注册",
        "time":"2017-05-01 15:00",
        "icon":"icon iconfont icon-zhifubao1",
        "tit":"支付宝好友",
        "add":"• **金服保留法律范围内的最终解释权，如有其它疑问请咨询官方客服。"
    },
    {
        "logo":"icon iconfont icon-default-avatar",
        "name":"王小明",
        "tel":"180****3695",
        "type":"邀请注册",
        "time":"2017-05-01 15:00",
        "icon":"icon iconfont icon-pengyouquan",
        "tit":"生活圈"
    },
    {
        "logo":"icon iconfont icon-default-avatar",
        "name":"王小明",
        "tel":"180****3695",
        "type":"邀请注册",
        "time":"2017-05-01 15:00",
        "icon":"icon iconfont icon-qq",
        "tit":"QQ好友"
    },
    {
        "logo":"icon iconfont icon-default-avatar",
        "name":"王小明",
        "tel":"180****3695",
        "type":"邀请注册",
        "time":"2017-05-01 15:00",
        "icon":"icon iconfont icon-QQ_weibo",
        "tit":"易信"
    },
    {
        "logo":"icon iconfont icon-default-avatar",
        "name":"王小明",
        "tel":"180****3695",
        "type":"邀请注册",
        "time":"2017-05-01 15:00",
        "icon":"icon iconfont icon-default-avatar",
        "tit":"复制链接"
    }
]