{
    "about":[
        {
            "img":"http://img.zcool.cn/community/01f343596de3e1a8012193a36fefb4.jpg@2o.jpg",
            "name":"**金服",
            "company":"********",
            "hotline":"客服热线",
            "email":"400-0000-000",
            "accounts":"******",
            "qq":"9898989",
            "versions":"v 4.0.0"
        }
    ],
    "version":[
            {
                "version":"v 1.5.0",
                "time":"2017-03-01",
                "tit":"更新功能说明,更新更能说明，更新功能说明，更新功能说明，更新功能说明，更新功能说明，更新功能说明"
            },
            {
                "version":"v 1.4.0",
                "time":"2017-05-01",
                "tit":"更新功能说明,更新更能说明，更新功能说明，更新功能说明，更新功能说明，更新功能说明，更新功能说明"
            },
            {
                "version":"v 2.0.0",
                "time":"2017-01-01",
                "tit":"更新功能说明,更新更能说明，更新功能说明，更新功能说明，更新功能说明，更新功能说明，更新功能说明"
            }
        ]
}