{
  "status": 200,
  "data": [
    {"id":"abc-01","realName":"张三","department":"财政局","createTime":1525250082862,"subject":"入村走访","helpArea":"蔡官镇蔡官村"},
    {"id":"abc-02","realName":"张三","department":"财政局","createTime":1525250082862,"subject":"入村走访","helpArea":"蔡官镇蔡官村"},
    {"id":"abc-03","realName":"张三","department":"财政局","createTime":1525250082862,"subject":"入村走访","helpArea":"蔡官镇蔡官村"},
    {"id":"abc-04","realName":"张三","department":"财政局","createTime":1525250082862,"subject":"入村走访","helpArea":"蔡官镇蔡官村"},
    {"id":"abc-05","realName":"张三","department":"财政局","createTime":1525250082862,"subject":"入村走访","helpArea":"蔡官镇蔡官村"},
    {"id":"abc-06","realName":"张三","department":"财政局","createTime":1525250082862,"subject":"入村走访","helpArea":"蔡官镇蔡官村"},
    {"id":"abc-07","realName":"张三","department":"财政局","createTime":1525250082862,"subject":"入村走访","helpArea":"蔡官镇蔡官村"},
    {"id":"abc-08","realName":"张三","department":"财政局","createTime":1525250082862,"subject":"入村走访","helpArea":"蔡官镇蔡官村"},
    {"id":"abc-09","realName":"张三","department":"财政局","createTime":1525250082862,"subject":"入村走访","helpArea":"蔡官镇蔡官村"},
    {"id":"abc-10","realName":"张三","department":"财政局","createTime":1525250082862,"subject":"入村走访","helpArea":"蔡官镇蔡官村"}
  ]
}