{
  "data": {
    "address": "string",
    "commitId": "string",
    "commitName": "string",
    "createTime": "string",
    "departmentProcess": [{
      "department": "教育局",
      "process": "已解决"
    }, {
      "department": "教育局",
      "process": "已解决"
    }, {
      "department": "教育局",
      "process": "已解决"
    }, {
      "department": "教育局",
      "process": "已解决"
    }],
    "fid": "string",
    "fullName": "string",
    "headPic": "string",
    "id": 0,
    "idCard": "string",
    "implementPic": "string",
    "poorCause": "string",
    "poorStatus": "string",
    "process": "已办理",
    "requireDetail": "string",
    "requireName": "string",
    "requirePic": "string"
  },
  "message": "string",
  "status": 0
}
