{
  "status": 200,
  "data": [
    {"id":1,"img":"/123123sdfef","name":"张1","gender":"男","age":18,"type":"一般","address":"西秀区官渡镇","status":1,"gz":"FALSE"},
    {"id":2,"img":"/123124sdfef","name":"张2","gender":"男","age":19,"type":"一般","address":"西秀区官渡镇","status":2,"gz":"FALSE"},
    {"id":3,"img":"/123125sdfef","name":"张3","gender":"男","age":20,"type":"一般","address":"西秀区官渡镇","status":1,"gz":"FALSE"},
    {"id":4,"img":"/123126sdfef","name":"张4","gender":"男","age":21,"type":"一般","address":"西秀区官渡镇","status":2,"gz":"FALSE"},
    {"id":5,"img":"/123127sdfef","name":"张5","gender":"男","age":22,"type":"一般","address":"西秀区官渡镇","status":1,"gz":"FALSE"},
    {"id":6,"img":"/123128sdfef","name":"张6","gender":"男","age":23,"type":"一般","address":"西秀区官渡镇","status":2,"gz":"FALSE"},
    {"id":7,"img":"/123129sdfef","name":"张7","gender":"男","age":24,"type":"一般","address":"西秀区官渡镇","status":1,"gz":"FALSE"},
    {"id":8,"img":"/123130sdfef","name":"张8","gender":"男","age":25,"type":"一般","address":"西秀区官渡镇","status":2,"gz":"FALSE"},
    {"id":9,"img":"/123131sdfef","name":"张9","gender":"男","age":26,"type":"一般","address":"西秀区官渡镇","status":1,"gz":"FALSE"},
    {"id":10,"img":"/123132sdfef","name":"张10","gender":"男","age":27,"type":"一般","address":"西秀区官渡镇","status":2,"gz":"FALSE"},
    {"id":11,"img":"/123133sdfef","name":"张11","gender":"男","age":28,"type":"一般","address":"西秀区官渡镇","status":1,"gz":"FALSE"},
    {"id":12,"img":"/123134sdfef","name":"张12","gender":"男","age":29,"type":"一般","address":"西秀区官渡镇","status":2,"gz":"FALSE"},
    {"id":13,"img":"/123135sdfef","name":"张13","gender":"男","age":30,"type":"一般","address":"西秀区官渡镇","status":2,"gz":"FALSE"}
  ]
}