[{
    "userIfon": "1001",
    "content": [{
        "type": 1,
        "typeStatic": "待消费",
        "createTime": "2018-06-13 12:00",
        "price": "$55",
        "productImg": "http://fuss10.elemecdn.com/c/6b/29e3d29b0db63d36f7c500bca31d8jpeg.jpeg?imageView2/1/w/750/h/750",
        "getThis": "外送",
        "unsubscribe": ["退订"],
        "storename": "王府半岛酒店JING餐厅"
    }, {
        "type": 1,
        "typeStatic": "待消费",
        "createTime": "2018-06-13 12:00",
        "price": "$55",
        "productImg": "http://fuss10.elemecdn.com/c/6b/29e3d29b0db63d36f7c500bca31d8jpeg.jpeg?imageView2/1/w/750/h/750",
        "getThis": "外送",
        "unsubscribe": ["退订"],
        "storename": "王府半岛酒店JING餐厅"
    }, {
        "type": 1,
        "typeStatic": "待消费",
        "createTime": "2018-06-13 12:00",
        "price": "$55",
        "productImg": "http://fuss10.elemecdn.com/c/6b/29e3d29b0db63d36f7c500bca31d8jpeg.jpeg?imageView2/1/w/750/h/750",
        "getThis": "外送",
        "unsubscribe": ["退订"],
        "storename": "王府半岛酒店JING餐厅"
    }, {
        "type": 2,
        "typeStatic": "已完成",
        "createTime": "2018-06-13 12:00",
        "price": "$85",
        "productImg": "http://fuss10.elemecdn.com/c/6b/29e3d29b0db63d36f7c500bca31d8jpeg.jpeg?imageView2/1/w/750/h/750",
        "getThis": "自提",
        "unsubscribe": ["评价", "再来一单"],
        "storename": "满记甜食（西单大悦城店）"
    }, {
        "type": 2,
        "typeStatic": "已完成",
        "createTime": "2018-06-13 12:00",
        "price": "$85",
        "productImg": "http://fuss10.elemecdn.com/c/6b/29e3d29b0db63d36f7c500bca31d8jpeg.jpeg?imageView2/1/w/750/h/750",
        "getThis": "自提",
        "unsubscribe": ["评价", "再来一单"],
        "storename": "满记甜食（西单大悦城店）"
    }, {
        "type": 3,
        "storename": "晋风庄园（双林东路店）",
        "typeStatic": "已退款",
        "unsubscribe": ["已退款"],
        "price": "$65",
        "createTime": "2018-06-13 12:00",
        "productImg": "http://fuss10.elemecdn.com/c/6b/29e3d29b0db63d36f7c500bca31d8jpeg.jpeg?imageView2/1/w/750/h/750"
    }, {
        "type": 3,
        "storename": "晋风庄园（双林东路店）",
        "typeStatic": "已退款",
        "unsubscribe": ["已退款"],
        "price": "$65",
        "createTime": "2018-06-13 12:00",
        "productImg": "http://fuss10.elemecdn.com/c/6b/29e3d29b0db63d36f7c500bca31d8jpeg.jpeg?imageView2/1/w/750/h/750"
    }, {
        "type": 3,
        "storename": "晋风庄园（双林东路店）",
        "typeStatic": "已退款",
        "unsubscribe": ["已退款"],
        "price": "$65",
        "createTime": "2018-06-13 12:00",
        "productImg": "http://fuss10.elemecdn.com/c/6b/29e3d29b0db63d36f7c500bca31d8jpeg.jpeg?imageView2/1/w/750/h/750"
    }]
}, {
    "userIfon": "1002",
    "content": [{
        "type": 1,
        "typeStatic": "待消费",
        "createTime": "2018-06-13 12:00",
        "price": "$55",
        "productImg": "http://fuss10.elemecdn.com/c/6b/29e3d29b0db63d36f7c500bca31d8jpeg.jpeg?imageView2/1/w/750/h/750",
        "getThis": "外送",
        "unsubscribe": ["退订"],
        "storename": "王府半岛酒店JING餐厅1"
    }, {
        "type": 1,
        "typeStatic": "待消费",
        "createTime": "2018-06-13 12:00",
        "price": "$55",
        "productImg": "http://fuss10.elemecdn.com/c/6b/29e3d29b0db63d36f7c500bca31d8jpeg.jpeg?imageView2/1/w/750/h/750",
        "getThis": "外送",
        "unsubscribe": ["退订"],
        "storename": "王府半岛酒店JING餐厅1"
    }, {
        "type": 1,
        "typeStatic": "待消费",
        "createTime": "2018-06-13 12:00",
        "price": "$55",
        "productImg": "http://fuss10.elemecdn.com/c/6b/29e3d29b0db63d36f7c500bca31d8jpeg.jpeg?imageView2/1/w/750/h/750",
        "getThis": "外送",
        "unsubscribe": ["退订"],
        "storename": "王府半岛酒店JING餐厅1"
    }, {
        "type": 2,
        "typeStatic": "已完成",
        "createTime": "2018-06-13 12:00",
        "price": "$85",
        "productImg": "http://fuss10.elemecdn.com/c/6b/29e3d29b0db63d36f7c500bca31d8jpeg.jpeg?imageView2/1/w/750/h/750",
        "getThis": "自提",
        "unsubscribe": ["评价", "再来一单"],
        "storename": "满记甜食（西单大悦城店）1"
    }, {
        "type": 2,
        "typeStatic": "已完成",
        "createTime": "2018-06-13 12:00",
        "price": "$85",
        "productImg": "http://fuss10.elemecdn.com/c/6b/29e3d29b0db63d36f7c500bca31d8jpeg.jpeg?imageView2/1/w/750/h/750",
        "getThis": "自提",
        "unsubscribe": ["评价", "再来一单"],
        "storename": "满记甜食（西单大悦城店）1"
    }, {
        "type": 3,
        "storename": "晋风庄园（双林东路店）1",
        "typeStatic": "已退款",
        "unsubscribe": ["已退款"],
        "price": "$65",
        "createTime": "2018-06-13 12:00",
        "productImg": "http://fuss10.elemecdn.com/c/6b/29e3d29b0db63d36f7c500bca31d8jpeg.jpeg?imageView2/1/w/750/h/750"
    }, {
        "type": 3,
        "storename": "晋风庄园（双林东路店）1",
        "typeStatic": "已退款",
        "unsubscribe": ["已退款"],
        "price": "$65",
        "createTime": "2018-06-13 12:00",
        "productImg": "http://fuss10.elemecdn.com/c/6b/29e3d29b0db63d36f7c500bca31d8jpeg.jpeg?imageView2/1/w/750/h/750"
    }, {
        "type": 3,
        "storename": "晋风庄园（双林东路店）1",
        "typeStatic": "已退款",
        "unsubscribe": ["已退款"],
        "price": "$65",
        "createTime": "2018-06-13 12:00",
        "productImg": "http://fuss10.elemecdn.com/c/6b/29e3d29b0db63d36f7c500bca31d8jpeg.jpeg?imageView2/1/w/750/h/750"
    }]
}]
