{
    "code": 1,
    "defaultInfo": [{
        "id": 1,
        "address": "北京八维学院研修学院篮球场",
        "tel": "联系电话：132xxxxxxxx",
        "name": "流xx"
    }],
    "otherAddress": [{
        "id": 1,
        "address": "北京八维学院研修学院篮球场",
        "tel": "联系电话：132xxxxxxxx",
        "name": "刘xx"
    }, {
        "id": 2,
        "address": "北京八维学院研修学院篮球场122",
        "tel": "联系电话：132xxxxxxxx",
        "name": "杨xx"
    }]
}
